id,first_name,last_name,email,gender,ip_address
1,Angeline,Ansett,aansett0@sina.com.cn,Male,254.212.193.29
2,Orbadiah,Esel,oesel1@vistaprint.com,Female,51.229.50.252
3,Lisha,Futcher,lfutcher2@ovh.net,Bigender,103.46.68.108
4,Zelma,McCane,zmccane3@desdev.cn,Male,92.112.20.49
5,Tommie,Escale,tescale4@cloudflare.com,Male,76.199.47.145
6,Carlie,Disdel,cdisdel5@blogger.com,Female,243.144.135.239
7,Oswell,McCracken,omccracken6@ycombinator.com,Female,138.17.147.153
8,Virge,Kyncl,vkyncl7@howstuffworks.com,Male,11.48.8.43
9,Courtnay,Breddy,cbreddy8@plala.or.jp,Female,173.23.43.96
10,Ferris,Descroix,fdescroix9@wikia.com,Female,207.180.137.253
11,Eldin,Gresser,egressera@ycombinator.com,Polygender,207.10.48.155
12,Liesa,Malzard,lmalzardb@storify.com,Bigender,9.62.93.183
13,Padraic,Haselden,phaseldenc@friendfeed.com,Female,161.68.254.252
14,Ichabod,Demschke,idemschked@phpbb.com,Male,158.145.135.117
15,Birch,Dysart,bdysarte@google.es,Female,99.233.115.237
16,Matty,Batterton,mbattertonf@goo.ne.jp,Male,240.158.127.218
17,Hettie,Andrault,handraultg@gravatar.com,Female,243.102.15.176
18,Ailene,Twigg,atwiggh@livejournal.com,Female,136.197.148.11
19,Doris,Dunnan,ddunnani@ocn.ne.jp,Female,150.76.103.110
20,Birk,Merricks,bmerricksj@smugmug.com,Male,167.242.79.159
21,Mordecai,Arnecke,marneckek@boston.com,Female,20.129.163.177
22,Carmine,Kennedy,ckennedyl@buzzfeed.com,Male,195.26.244.22
23,Gabe,Attoe,gattoem@mayoclinic.com,Genderqueer,151.147.190.60
24,Maurizia,Snufflebottom,msnufflebottomn@archive.org,Genderqueer,29.234.14.156
25,Adorne,Dana,adanao@cafepress.com,Male,67.127.16.162
26,Flemming,Ottam,fottamp@arstechnica.com,Male,55.20.178.139
27,Stevy,O'Conor,soconorq@noaa.gov,Male,56.149.150.2
28,Lark,Chant,lchantr@comsenz.com,Male,9.178.143.72
29,Virgil,Vater,vvaters@hp.com,Male,88.153.206.99
30,Artus,Vickress,avickresst@blogger.com,Male,205.55.80.144
31,Jaime,Stobart,jstobartu@tiny.cc,Female,146.143.82.11
32,Mufi,Butter,mbutterv@wikispaces.com,Female,180.101.251.244
33,Madelin,Brameld,mbrameldw@hp.com,Female,173.16.38.44
34,Goldie,Vedenisov,gvedenisovx@addthis.com,Male,190.4.121.243
35,Lelah,Williment,lwillimenty@house.gov,Male,94.198.30.107
36,Cassandre,Buckthorp,cbuckthorpz@huffingtonpost.com,Female,209.229.161.180
37,Dante,Fernez,dfernez10@bing.com,Female,124.43.48.106
38,Prescott,Thurling,pthurling11@jugem.jp,Female,15.95.58.60
39,Page,Brunesco,pbrunesco12@state.tx.us,Female,104.86.10.254
40,Packston,Salzburg,psalzburg13@cnn.com,Female,79.236.89.99
41,Drucy,McNally,dmcnally14@apache.org,Male,209.125.66.117
42,Dottie,Somers,dsomers15@twitpic.com,Female,244.2.245.198
43,Leelah,Isaacs,lisaacs16@bigcartel.com,Female,174.202.226.243
44,Gert,Trump,gtrump17@histats.com,Female,41.71.232.57
45,Annabella,Lightbourne,alightbourne18@cisco.com,Female,10.223.39.252
46,Francesco,Bunstone,fbunstone19@bloglovin.com,Male,171.122.190.43
47,Salvidor,Leeming,sleeming1a@t-online.de,Female,63.193.22.140
48,Maxy,Brobeck,mbrobeck1b@paginegialle.it,Female,80.20.129.151
49,Jeremias,Skiplorne,jskiplorne1c@marketwatch.com,Male,74.24.66.69
50,Geno,Stainfield,gstainfield1d@msu.edu,Male,50.36.97.168
51,Goddart,Gentry,ggentry1e@paginegialle.it,Female,54.171.200.233
52,Laure,Kestin,lkestin1f@berkeley.edu,Female,151.30.49.237
53,Tyson,Harmar,tharmar1g@state.tx.us,Female,229.36.112.15
54,Conney,McKmurrie,cmckmurrie1h@springer.com,Polygender,249.225.125.125
55,Krystyna,Stalf,kstalf1i@samsung.com,Male,217.228.120.195
56,Viki,Buckham,vbuckham1j@friendfeed.com,Female,18.0.224.3
57,Melicent,McInnery,mmcinnery1k@theatlantic.com,Male,155.132.107.221
58,Merl,Bohin,mbohin1l@prnewswire.com,Female,180.104.71.20
59,Bernardo,Baruch,bbaruch1m@smh.com.au,Female,210.122.17.80
60,Shelagh,Pawlik,spawlik1n@shinystat.com,Female,52.215.23.37
61,Phylys,Simak,psimak1o@jugem.jp,Female,157.239.137.32
62,Kacey,McKeand,kmckeand1p@google.nl,Male,32.170.124.174
63,Stanislaw,Bernardeschi,sbernardeschi1q@cbc.ca,Male,90.50.247.230
64,Bambie,Soames,bsoames1r@xinhuanet.com,Agender,126.77.207.162
65,Remus,Perri,rperri1s@discovery.com,Male,169.154.198.203
66,Truman,Beadel,tbeadel1t@webnode.com,Male,152.19.152.13
67,Hank,Peggs,hpeggs1u@prnewswire.com,Genderfluid,21.85.130.27
68,Jarad,Issac,jissac1v@phpbb.com,Male,125.159.173.193
69,Carline,Hrinchishin,chrinchishin1w@tmall.com,Female,14.162.87.55
70,Heinrik,Bernard,hbernard1x@digg.com,Female,4.64.214.56
71,Michaeline,Hofton,mhofton1y@people.com.cn,Female,126.217.203.112
72,Mathian,Cryer,mcryer1z@dailymotion.com,Male,243.49.164.137
73,Ursula,Kilminster,ukilminster20@nasa.gov,Female,45.125.233.173
74,Molly,Messum,mmessum21@sun.com,Male,165.53.212.33
75,Michele,Capelin,mcapelin22@discovery.com,Female,35.73.59.53
76,Patsy,Starmer,pstarmer23@addtoany.com,Female,84.34.253.60
77,Meridith,Ramsey,mramsey24@networkadvertising.org,Agender,254.27.47.221
78,Marney,Deeble,mdeeble25@nbcnews.com,Female,113.88.163.234
79,Meredith,Farres,mfarres26@cbc.ca,Male,113.149.95.105
80,Hugibert,Stott,hstott27@squarespace.com,Female,182.50.134.194
81,Grange,Mackney,gmackney28@blogger.com,Female,204.157.2.95
82,Juliette,Leslie,jleslie29@symantec.com,Male,183.138.25.209
83,Veriee,Fowden,vfowden2a@quantcast.com,Male,49.76.187.12
84,Doris,Leveritt,dleveritt2b@thetimes.co.uk,Female,41.96.7.18
85,Germain,Wordesworth,gwordesworth2c@zimbio.com,Male,121.212.246.233
86,Minta,Carabet,mcarabet2d@time.com,Bigender,211.103.169.74
87,Jarrad,Kaliszewski,jkaliszewski2e@ask.com,Male,221.133.246.182
88,Dale,Birtwell,dbirtwell2f@youtube.com,Male,60.109.236.224
89,Donovan,Sexcey,dsexcey2g@theguardian.com,Male,227.88.167.110
90,Leonardo,Ledger,lledger2h@webnode.com,Agender,15.43.230.118
91,Christan,Jakes,cjakes2i@multiply.com,Female,112.26.39.80
92,Beilul,Sterre,bsterre2j@ucsd.edu,Male,153.160.81.100
93,Alberta,Kingsley,akingsley2k@shinystat.com,Female,235.137.17.125
94,Betteanne,Spoure,bspoure2l@prnewswire.com,Male,174.224.130.98
95,Derek,Pala,dpala2m@bravesites.com,Male,83.190.79.29
96,Vidovic,Mears,vmears2n@goo.ne.jp,Female,63.55.13.210
97,Martina,Digges,mdigges2o@icq.com,Female,205.95.141.172
98,Rosella,Purser,rpurser2p@hao123.com,Female,89.244.182.112
99,Nedi,Fleet,nfleet2q@themeforest.net,Female,119.108.196.131
100,Briny,Van Arsdale,bvanarsdale2r@google.com.hk,Male,68.2.19.176
101,Fey,Dacre,fdacre2s@ovh.net,Male,221.34.223.95
102,Ciel,Bucknill,cbucknill2t@apple.com,Female,237.178.91.226
103,Clerkclaude,Hanhart,chanhart2u@tiny.cc,Male,247.49.107.2
104,Ruby,Castelot,rcastelot2v@cdbaby.com,Male,48.213.222.16
105,Maximo,Maharey,mmaharey2w@upenn.edu,Female,207.207.61.193
106,Blondell,Di Biasi,bdibiasi2x@weebly.com,Male,32.136.193.146
107,Lynda,Grinaway,lgrinaway2y@flickr.com,Male,64.42.140.109
108,Ransell,Shorto,rshorto2z@bbc.co.uk,Male,48.136.99.148
109,Tiffany,Davenhill,tdavenhill30@msu.edu,Female,124.115.169.32
110,Dov,McGilroy,dmcgilroy31@macromedia.com,Male,237.244.6.203
111,Adrea,Balmadier,abalmadier32@diigo.com,Male,10.15.93.108
112,Jarib,Rudsdale,jrudsdale33@chicagotribune.com,Male,158.178.227.130
113,Joleen,Coniff,jconiff34@feedburner.com,Female,54.86.212.127
114,Addi,Dearlove,adearlove35@sbwire.com,Female,21.213.221.235
115,Derek,Halgarth,dhalgarth36@bbc.co.uk,Male,56.180.120.249
116,Peg,Dummigan,pdummigan37@xrea.com,Male,3.242.133.70
117,Hildegarde,Randal,hrandal38@forbes.com,Female,253.237.231.22
118,Finley,Laughlan,flaughlan39@house.gov,Male,47.131.250.212
119,Allie,Geerdts,ageerdts3a@cdc.gov,Female,3.78.216.93
120,Kimberli,Dannohl,kdannohl3b@salon.com,Female,205.228.126.122
121,Jaymee,Gostridge,jgostridge3c@naver.com,Female,99.162.136.249
122,Cleveland,Gravatt,cgravatt3d@weebly.com,Male,139.174.130.18
123,Tonya,Goosnell,tgoosnell3e@ucoz.com,Genderfluid,192.132.18.221
124,Troy,Consterdine,tconsterdine3f@meetup.com,Male,213.184.185.23
125,Victoria,Wayne,vwayne3g@example.com,Female,42.177.183.88
126,Annis,Trehearne,atrehearne3h@sciencedirect.com,Male,48.91.120.165
127,Gertie,Sargint,gsargint3i@nydailynews.com,Male,106.169.178.248
128,Harcourt,Dat,hdat3j@columbia.edu,Male,250.167.112.196
129,Mirna,Saul,msaul3k@bbb.org,Male,242.60.37.120
130,Dionysus,Westmancoat,dwestmancoat3l@ed.gov,Male,87.228.22.141
131,Wilmette,Cockerill,wcockerill3m@vkontakte.ru,Female,101.210.224.6
132,Verna,Forbes,vforbes3n@yellowbook.com,Male,40.220.192.14
133,Magdalena,Antcliff,mantcliff3o@nbcnews.com,Female,237.136.190.160
134,Christan,Francomb,cfrancomb3p@jigsy.com,Male,145.35.254.141
135,Prisca,Pabelik,ppabelik3q@mozilla.com,Male,217.99.230.72
136,Blondelle,Cogzell,bcogzell3r@gmpg.org,Male,223.150.58.202
137,Frankie,Jowett,fjowett3s@creativecommons.org,Female,229.57.236.56
138,Frazer,Sallan,fsallan3t@sakura.ne.jp,Male,244.7.20.202
139,Lynnell,Fuzzens,lfuzzens3u@amazon.co.jp,Male,224.72.216.32
140,Kylynn,Davidovicz,kdavidovicz3v@washington.edu,Female,15.108.38.189
141,Dulsea,Wrightson,dwrightson3w@mashable.com,Male,172.167.53.99
142,Elvera,Blodget,eblodget3x@techcrunch.com,Male,219.30.39.92
143,Nikos,Juliano,njuliano3y@ocn.ne.jp,Male,71.229.14.43
144,Sinclair,Grote,sgrote3z@freewebs.com,Male,248.176.143.166
145,Danella,Frary,dfrary40@wired.com,Female,3.30.216.9
146,Mellisa,Reuben,mreuben41@netlog.com,Female,137.251.54.204
147,Melisenda,Lum,mlum42@ycombinator.com,Male,145.116.64.250
148,Amye,Cappel,acappel43@1und1.de,Male,127.71.163.145
149,Nicki,Walak,nwalak44@pagesperso-orange.fr,Female,40.90.134.133
150,Salaidh,Loveless,sloveless45@wordpress.org,Male,196.15.119.136
151,Valentia,Alldridge,valldridge46@sitemeter.com,Female,244.127.14.61
152,Naomi,Prose,nprose47@jalbum.net,Male,78.169.87.167
153,Aldridge,Davidesco,adavidesco48@stanford.edu,Male,215.21.47.75
154,Raf,Eckersley,reckersley49@technorati.com,Male,56.241.31.155
155,Kristen,Hall-Gough,khallgough4a@forbes.com,Female,219.244.187.66
156,Gib,Archanbault,garchanbault4b@berkeley.edu,Female,188.156.48.194
157,Saidee,Bourgour,sbourgour4c@weather.com,Male,99.72.103.151
158,Vally,Himsworth,vhimsworth4d@oakley.com,Female,13.27.216.131
159,Meridel,Arnaldi,marnaldi4e@chronoengine.com,Male,13.3.233.198
160,Mathias,Nevitt,mnevitt4f@marketwatch.com,Male,245.241.31.242
161,Tull,Benzies,tbenzies4g@cloudflare.com,Male,162.109.168.39
162,Hugo,Henrichs,hhenrichs4h@privacy.gov.au,Male,7.162.132.234
163,Roberto,Gramer,rgramer4i@oakley.com,Male,138.35.152.36
164,Katharina,Workes,kworkes4j@eventbrite.com,Female,137.206.173.215
165,Ora,Denzilow,odenzilow4k@ebay.com,Female,102.113.9.160
166,Shirline,Swaite,sswaite4l@exblog.jp,Male,140.34.24.79
167,Flory,O'Cahey,focahey4m@oracle.com,Male,244.197.208.208
168,Phaidra,Overlow,poverlow4n@naver.com,Male,78.38.95.108
169,Rafaellle,Bewley,rbewley4o@simplemachines.org,Female,174.112.106.118
170,Torey,Merwede,tmerwede4p@disqus.com,Male,47.110.82.195
171,Chrisse,Fost,cfost4q@jiathis.com,Female,76.254.42.123
172,Leigh,Tremonte,ltremonte4r@stumbleupon.com,Male,87.11.111.2
173,Nataline,Valens-Smith,nvalenssmith4s@seesaa.net,Female,226.176.186.28
174,Joyann,Hansen,jhansen4t@foxnews.com,Male,51.59.79.94
175,Kariotta,Rivel,krivel4u@nifty.com,Male,68.224.35.58
176,Mildred,Kenelin,mkenelin4v@rakuten.co.jp,Female,95.97.98.215
177,Tana,Darlaston,tdarlaston4w@foxnews.com,Bigender,235.39.51.136
178,Reggie,Ragot,rragot4x@samsung.com,Female,56.68.37.34
179,Carine,Doni,cdoni4y@wufoo.com,Female,177.222.166.92
180,Skylar,Rosoni,srosoni4z@accuweather.com,Male,246.46.179.25
181,Brock,Padefield,bpadefield50@nifty.com,Female,182.171.179.87
182,Paxton,Balazs,pbalazs51@epa.gov,Female,14.28.97.149
183,Skippy,Gandar,sgandar52@wiley.com,Genderqueer,43.74.163.216
184,Jamie,Churchard,jchurchard53@blogs.com,Male,179.148.193.243
185,Germayne,Sinisbury,gsinisbury54@miitbeian.gov.cn,Male,210.55.107.28
186,Joly,Marxsen,jmarxsen55@amazon.com,Female,137.85.23.1
187,Kayle,Slamaker,kslamaker56@geocities.com,Male,140.31.194.110
188,Siusan,Saveall,ssaveall57@nasa.gov,Male,151.79.113.99
189,Nert,MacNucator,nmacnucator58@cdbaby.com,Genderfluid,254.48.44.227
190,Ruddy,Burn,rburn59@sfgate.com,Non-binary,71.103.101.41
191,Orrin,Garnson,ogarnson5a@xinhuanet.com,Male,117.153.129.167
192,Christoffer,Schiementz,cschiementz5b@dropbox.com,Male,155.237.144.86
193,Gustave,Clipsham,gclipsham5c@desdev.cn,Female,173.73.189.219
194,Tracie,Jarad,tjarad5d@howstuffworks.com,Male,76.4.158.38
195,Phyllida,Kinton,pkinton5e@merriam-webster.com,Female,2.193.138.90
196,Gena,Pert,gpert5f@mozilla.com,Male,133.98.182.82
197,Hetty,Rawstorn,hrawstorn5g@earthlink.net,Male,240.78.231.144
198,Nara,Feore,nfeore5h@google.com.hk,Genderqueer,13.189.232.121
199,Ossie,Alvin,oalvin5i@constantcontact.com,Female,147.103.168.89
200,Hewe,Flannigan,hflannigan5j@chron.com,Female,102.160.88.203
201,Cristabel,Dixsee,cdixsee5k@liveinternet.ru,Male,18.106.39.168
202,Corny,Aspall,caspall5l@ucla.edu,Female,221.36.165.142
203,Beverley,Milverton,bmilverton5m@washingtonpost.com,Male,25.66.213.166
204,Nikki,Spera,nspera5n@example.com,Male,92.65.253.191
205,Jan,Josefovic,jjosefovic5o@google.com.br,Female,70.64.52.91
206,Carlos,Rathbourne,crathbourne5p@adobe.com,Male,191.87.83.98
207,Gibby,Tink,gtink5q@latimes.com,Male,6.59.41.161
208,Meaghan,Sander,msander5r@gmpg.org,Female,22.252.2.108
209,Reinhard,Roskruge,rroskruge5s@wordpress.com,Agender,191.123.176.21
210,Petra,Alpe,palpe5t@blogtalkradio.com,Female,46.204.37.179
211,Leonerd,Ramelot,lramelot5u@deviantart.com,Female,216.165.186.49
212,Giorgi,Matzl,gmatzl5v@creativecommons.org,Female,96.242.63.62
213,Flori,Mingame,fmingame5w@epa.gov,Female,0.95.10.216
214,Myrah,Jachimak,mjachimak5x@mayoclinic.com,Male,225.146.149.237
215,Ryann,Petasch,rpetasch5y@wikispaces.com,Female,231.18.43.12
216,Dael,Seargeant,dseargeant5z@hao123.com,Female,137.203.143.40
217,Siouxie,Das,sdas60@nymag.com,Male,135.123.200.53
218,Brittne,Prettyman,bprettyman61@naver.com,Female,81.156.189.236
219,Casandra,Craighall,ccraighall62@yale.edu,Female,201.250.11.102
220,Wren,Woodington,wwoodington63@simplemachines.org,Female,47.168.234.122
221,Mata,Watterson,mwatterson64@hc360.com,Male,190.90.161.45
222,Lin,Schwaiger,lschwaiger65@sogou.com,Agender,131.110.136.74
223,Christos,Pittaway,cpittaway66@usgs.gov,Male,240.54.56.153
224,Aleece,Liptrot,aliptrot67@naver.com,Female,23.95.196.29
225,Giovanna,Whitfield,gwhitfield68@unesco.org,Female,126.86.40.25
226,Mellicent,Ingleton,mingleton69@msn.com,Male,189.200.251.66
227,Johny,Banaszewski,jbanaszewski6a@parallels.com,Female,74.240.195.18
228,Erda,Glyde,eglyde6b@trellian.com,Male,94.146.74.180
229,Adeline,Bryson,abryson6c@engadget.com,Male,16.184.12.38
230,Gray,Weeden,gweeden6d@disqus.com,Female,159.222.197.142
231,Adele,Braune,abraune6e@dell.com,Genderqueer,212.198.248.85
232,Helen,Deane,hdeane6f@cornell.edu,Female,102.42.206.36
233,Ines,Claeskens,iclaeskens6g@tumblr.com,Male,195.73.179.80
234,Daniella,Cowoppe,dcowoppe6h@xrea.com,Female,58.161.58.149
235,Eolanda,Degue,edegue6i@theglobeandmail.com,Male,158.26.66.239
236,Codi,McMenamy,cmcmenamy6j@networkadvertising.org,Male,98.200.35.21
237,Franzen,Skeermer,fskeermer6k@tamu.edu,Male,141.32.223.105
238,Delphine,Alenikov,dalenikov6l@de.vu,Female,17.226.100.205
239,Scotti,Libbe,slibbe6m@usnews.com,Male,217.244.45.62
240,Leyla,Ebunoluwa,lebunoluwa6n@google.fr,Female,116.140.124.15
241,Alla,Sallery,asallery6o@biblegateway.com,Male,219.122.210.210
242,Elissa,Wennington,ewennington6p@redcross.org,Male,60.226.247.40
243,Andrea,Bonde,abonde6q@europa.eu,Male,206.194.95.101
244,Alfonse,Upward,aupward6r@jimdo.com,Female,179.177.150.120
245,Leonid,Huster,lhuster6s@xrea.com,Male,212.162.247.143
246,Carree,Mussett,cmussett6t@eepurl.com,Female,182.127.113.154
247,Kacie,Gribbins,kgribbins6u@parallels.com,Male,56.194.232.13
248,Herman,Batchelor,hbatchelor6v@nydailynews.com,Male,7.29.220.5
249,Anneliese,Stredder,astredder6w@goodreads.com,Male,151.130.126.169
250,Iona,Screaton,iscreaton6x@blinklist.com,Male,48.230.96.159
251,Thalia,Cremins,tcremins6y@themeforest.net,Female,152.170.211.101
252,Ethelbert,Flohard,eflohard6z@squidoo.com,Female,8.70.99.118
253,Walker,Thackeray,wthackeray70@cpanel.net,Female,90.51.166.207
254,Aryn,Mazillius,amazillius71@unblog.fr,Male,187.133.138.80
255,Alexander,Conaboy,aconaboy72@topsy.com,Genderqueer,182.24.192.30
256,Efren,Tash,etash73@wsj.com,Female,145.72.233.192
257,Kerianne,Spilisy,kspilisy74@tamu.edu,Female,8.33.6.144
258,Judon,Manners,jmanners75@washingtonpost.com,Female,160.228.150.133
259,Flynn,Faulkener,ffaulkener76@google.ca,Female,143.233.67.87
260,Dame,Silly,dsilly77@guardian.co.uk,Male,232.241.77.39
261,Paolina,Sanney,psanney78@yolasite.com,Male,205.4.18.100
262,Cicily,Shearn,cshearn79@utexas.edu,Male,20.195.53.209
263,Ludvig,Geertje,lgeertje7a@unesco.org,Male,88.41.155.110
264,Constantine,Cusack,ccusack7b@kickstarter.com,Male,228.102.23.18
265,Demeter,Tante,dtante7c@jiathis.com,Female,77.223.31.113
266,Ximenes,Iredell,xiredell7d@nydailynews.com,Genderqueer,20.118.236.206
267,Sebastien,Branney,sbranney7e@dot.gov,Bigender,173.229.113.25
268,Kinny,Mander,kmander7f@epa.gov,Genderfluid,117.212.17.191
269,Nils,Reboul,nreboul7g@vinaora.com,Male,187.6.57.37
270,Gradey,Lode,glode7h@virginia.edu,Female,35.245.239.91
271,Emmit,Castagne,ecastagne7i@meetup.com,Female,169.102.3.242
272,Welby,Reveley,wreveley7j@gov.uk,Male,23.229.165.110
273,Maury,Blowick,mblowick7k@mapquest.com,Female,211.246.117.193
274,Roxana,Varne,rvarne7l@furl.net,Female,240.194.100.201
275,Humphrey,Samart,hsamart7m@sbwire.com,Male,31.45.162.80
276,Roma,Toward,rtoward7n@earthlink.net,Female,51.15.143.135
277,Hurlee,Scanderet,hscanderet7o@nsw.gov.au,Female,10.240.58.68
278,Carolynn,Maulkin,cmaulkin7p@theguardian.com,Female,80.102.129.126
279,Holli,Rigler,hrigler7q@artisteer.com,Genderfluid,54.157.44.38
280,Witty,Ginie,wginie7r@answers.com,Female,182.147.88.59
281,Rhoda,Aulsford,raulsford7s@naver.com,Male,66.21.209.133
282,Eldon,Eastope,eeastope7t@sciencedaily.com,Agender,40.56.46.3
283,Manny,Sprey,msprey7u@mayoclinic.com,Female,161.171.232.249
284,Gualterio,Crocombe,gcrocombe7v@independent.co.uk,Female,225.60.24.61
285,Meir,Tott,mtott7w@jigsy.com,Female,9.99.212.55
286,Laney,Goodnow,lgoodnow7x@sitemeter.com,Polygender,130.87.181.205
287,Briant,Ogelsby,bogelsby7y@utexas.edu,Male,27.152.131.157
288,Maxwell,Whetton,mwhetton7z@amazon.com,Male,115.252.152.172
289,Tarra,Simcox,tsimcox80@patch.com,Female,148.246.42.147
290,Alene,Ghelarducci,aghelarducci81@tripadvisor.com,Male,7.26.37.200
291,De witt,Kennefick,dkennefick82@arstechnica.com,Male,74.189.2.205
292,Dallas,Pothecary,dpothecary83@economist.com,Female,21.181.22.165
293,Durand,Biggerdike,dbiggerdike84@japanpost.jp,Female,55.170.142.214
294,Aubine,Kittle,akittle85@123-reg.co.uk,Female,151.29.99.163
295,Bay,McQuarrie,bmcquarrie86@arizona.edu,Male,62.85.211.195
296,Clem,Cabbell,ccabbell87@msn.com,Polygender,49.62.52.119
297,Klemens,Glastonbury,kglastonbury88@wufoo.com,Male,218.249.60.62
298,Ravid,Tape,rtape89@imdb.com,Male,146.12.32.124
299,Tedda,Thaller,tthaller8a@prnewswire.com,Male,201.205.99.76
300,Tarah,Stanbrooke,tstanbrooke8b@reference.com,Bigender,147.10.69.141
301,Jasun,Scolli,jscolli8c@si.edu,Male,50.187.175.235
302,Gallard,Scoffins,gscoffins8d@elegantthemes.com,Female,118.98.252.74
303,Tamara,Gasnell,tgasnell8e@paypal.com,Female,245.188.174.6
304,Bee,Parlet,bparlet8f@cloudflare.com,Male,96.151.52.123
305,Jeremias,Rivelin,jrivelin8g@mail.ru,Genderqueer,18.151.54.187
306,Gilbert,Faunt,gfaunt8h@google.com,Female,194.29.82.228
307,Ivie,Leon,ileon8i@freewebs.com,Genderqueer,87.185.20.244
308,Ofelia,Crowth,ocrowth8j@wisc.edu,Male,104.203.146.250
309,Shep,O'Toole,sotoole8k@gov.uk,Male,19.247.74.167
310,Wilhelm,Springthorp,wspringthorp8l@aol.com,Male,5.81.16.29
311,Alyosha,Smorthit,asmorthit8m@sphinn.com,Non-binary,107.175.187.232
312,Benn,Marten,bmarten8n@toplist.cz,Male,241.189.89.126
313,Bella,Eim,beim8o@yahoo.co.jp,Female,241.0.219.25
314,Flint,Clear,fclear8p@yale.edu,Female,175.237.203.204
315,Ange,Sherringham,asherringham8q@wiley.com,Genderfluid,217.181.184.27
316,Katti,Cattermoul,kcattermoul8r@sakura.ne.jp,Female,23.108.135.167
317,Anitra,Schild,aschild8s@apache.org,Female,184.216.170.240
318,Krystalle,Pavlenkov,kpavlenkov8t@comsenz.com,Male,169.23.242.182
319,Katrinka,Trazzi,ktrazzi8u@mozilla.com,Bigender,92.28.93.25
320,Suzette,Hosby,shosby8v@instagram.com,Male,107.46.111.100
321,Josias,Sollom,jsollom8w@craigslist.org,Female,202.0.228.52
322,Hermie,Ghidotti,hghidotti8x@nytimes.com,Female,65.87.180.176
323,Hewett,Phythien,hphythien8y@microsoft.com,Male,68.14.13.130
324,Shirline,Bum,sbum8z@gov.uk,Male,122.218.105.103
325,Josephina,McTaggart,jmctaggart90@hao123.com,Male,31.204.242.20
326,Venus,Peschke,vpeschke91@home.pl,Bigender,121.230.107.54
327,Laetitia,Klimecki,lklimecki92@exblog.jp,Female,113.34.203.217
328,Oralee,Campsall,ocampsall93@lulu.com,Female,162.134.6.210
329,Arnie,Loren,aloren94@devhub.com,Male,136.54.199.83
330,Gabey,Cadding,gcadding95@adobe.com,Male,215.225.232.198
331,Mirabella,Borlease,mborlease96@flickr.com,Female,13.145.213.234
332,Alphonse,Heindl,aheindl97@bbc.co.uk,Polygender,244.212.55.240
333,Chad,Arsnell,carsnell98@harvard.edu,Genderqueer,29.155.1.146
334,Elicia,Cassar,ecassar99@eventbrite.com,Female,30.11.31.138
335,Gerhardt,Mattedi,gmattedi9a@ocn.ne.jp,Male,200.113.60.129
336,Emmy,Node,enode9b@wordpress.org,Female,81.156.144.174
337,Merrill,Beadman,mbeadman9c@un.org,Male,242.219.228.54
338,Lonee,Dalling,ldalling9d@admin.ch,Female,26.0.220.75
339,Ulrikaumeko,Matuszinski,umatuszinski9e@nymag.com,Female,191.29.175.86
340,Darby,Adamec,dadamec9f@chronoengine.com,Female,122.116.143.0
341,Reinold,Rimour,rrimour9g@howstuffworks.com,Male,61.34.197.229
342,Kalvin,Girvin,kgirvin9h@scientificamerican.com,Male,219.233.235.108
343,Windy,Pollitt,wpollitt9i@indiegogo.com,Male,134.7.200.70
344,Mara,Chill,mchill9j@list-manage.com,Female,159.6.9.36
345,Matteo,Sheron,msheron9k@ucoz.ru,Male,188.44.135.204
346,Dav,Moorman,dmoorman9l@slate.com,Female,107.163.140.242
347,Ricky,Grosier,rgrosier9m@mtv.com,Female,36.200.237.203
348,Claudina,Parrish,cparrish9n@europa.eu,Female,138.217.75.16
349,Lynsey,Darque,ldarque9o@hubpages.com,Female,123.14.45.118
350,Lynsey,Prene,lprene9p@ted.com,Female,110.18.68.109
351,Red,Fetter,rfetter9q@quantcast.com,Female,92.150.36.143
352,Elizabeth,McKinlay,emckinlay9r@sun.com,Genderqueer,183.113.222.210
353,Clare,Bennedsen,cbennedsen9s@slideshare.net,Male,12.207.19.14
354,Dorise,Moralis,dmoralis9t@ihg.com,Male,113.209.186.9
355,Stevy,Copnall,scopnall9u@craigslist.org,Female,21.36.20.112
356,Sharon,Ricart,sricart9v@nationalgeographic.com,Male,157.32.170.115
357,Lewes,Harry,lharry9w@histats.com,Male,77.203.63.241
358,Orson,Dunster,odunster9x@nps.gov,Male,61.156.54.47
359,Chiquita,Fowley,cfowley9y@usgs.gov,Female,232.221.50.224
360,Rudolph,Cases,rcases9z@ftc.gov,Male,148.178.105.29
361,Beck,Crich,bcricha0@ning.com,Male,113.174.158.214
362,Domenic,Havard,dhavarda1@xinhuanet.com,Female,17.120.51.84
363,Brand,Lusk,bluska2@earthlink.net,Genderfluid,18.137.90.149
364,Gregorius,Batchley,gbatchleya3@themeforest.net,Female,176.228.188.237
365,Aluin,Chung,achunga4@artisteer.com,Male,97.24.132.144
366,Vonni,Wichard,vwicharda5@amazon.co.jp,Female,13.77.232.194
367,Edyth,Beveridge,ebeveridgea6@sbwire.com,Male,154.236.61.250
368,Libbey,Piggott,lpiggotta7@tumblr.com,Male,20.39.29.119
369,Francene,Life,flifea8@skype.com,Female,93.68.84.76
370,Tamarah,Witherop,twitheropa9@technorati.com,Male,214.177.133.181
371,Berri,Shillabear,bshillabearaa@goodreads.com,Female,141.65.87.238
372,Marlon,Poulsom,mpoulsomab@wiley.com,Male,109.224.174.78
373,Marcia,Tregoning,mtregoningac@jugem.jp,Female,206.210.138.142
374,Henrietta,Moxon,hmoxonad@desdev.cn,Male,82.36.69.165
375,Herve,Juhruke,hjuhrukeae@google.fr,Genderqueer,183.111.65.5
376,Toddie,Metzig,tmetzigaf@ycombinator.com,Male,217.146.218.18
377,Madalyn,Semple,msempleag@clickbank.net,Male,62.203.32.82
378,Gris,Puncher,gpuncherah@wordpress.org,Female,203.245.30.232
379,Josiah,Bernier,jbernierai@zimbio.com,Female,125.134.50.235
380,Olivier,Stacy,ostacyaj@friendfeed.com,Male,212.81.160.237
381,Jacquenette,Bovaird,jbovairdak@nsw.gov.au,Male,0.89.173.244
382,Jocelyne,Kippins,jkippinsal@tinypic.com,Female,118.234.128.86
383,Dalton,Estabrook,destabrookam@huffingtonpost.com,Female,251.85.203.81
384,Fair,Coatts,fcoattsan@is.gd,Male,67.124.255.27
385,Tammara,O'Suaird,tosuairdao@live.com,Female,19.168.117.78
386,Alejandro,Gartland,agartlandap@e-recht24.de,Male,54.241.76.164
387,Terrye,McMorran,tmcmorranaq@prweb.com,Female,240.156.188.116
388,Papagena,Yaxley,pyaxleyar@google.com.br,Female,251.64.14.165
389,Terrill,Lowrance,tlowranceas@ifeng.com,Genderqueer,211.158.208.217
390,Stacee,Hargroves,shargrovesat@privacy.gov.au,Male,246.35.11.137
391,Debbie,Feitosa,dfeitosaau@nationalgeographic.com,Female,177.115.253.16
392,Alexio,Franzelini,afranzeliniav@addtoany.com,Female,188.235.220.182
393,Debor,Peltzer,dpeltzeraw@hao123.com,Female,146.235.101.127
394,Astra,Weatherup,aweatherupax@ameblo.jp,Male,228.75.34.2
395,Chauncey,Kittiman,ckittimanay@cloudflare.com,Male,232.127.119.16
396,Bobbe,Justice,bjusticeaz@tinypic.com,Male,102.184.39.81
397,Dill,Pound,dpoundb0@columbia.edu,Male,70.224.185.112
398,Teodoro,Dodgshun,tdodgshunb1@liveinternet.ru,Female,133.137.40.185
399,Bradney,Hartburn,bhartburnb2@netlog.com,Female,26.132.81.239
400,Mic,Woolerton,mwoolertonb3@rambler.ru,Male,163.169.54.25
401,Kalil,Biggadike,kbiggadikeb4@apache.org,Male,31.200.81.140
402,Nydia,McNellis,nmcnellisb5@seesaa.net,Female,71.161.179.217
403,Kassey,Reburn,kreburnb6@bloomberg.com,Male,34.239.64.234
404,Guillaume,Gerger,ggergerb7@squarespace.com,Male,73.164.96.100
405,Rosemaria,Sherbourne,rsherbourneb8@networkadvertising.org,Female,49.125.34.50
406,Rodd,Allsopp,rallsoppb9@hibu.com,Male,156.89.193.31
407,Morly,Blackston,mblackstonba@cdc.gov,Female,110.200.150.24
408,Giovanna,Goodridge,ggoodridgebb@salon.com,Male,170.108.195.225
409,Marissa,Creswell,mcreswellbc@paypal.com,Male,26.96.25.246
410,Riki,Hevey,rheveybd@umn.edu,Male,249.17.147.0
411,Agna,Vigrass,avigrassbe@mozilla.org,Male,92.187.187.120
412,Wayland,Lougheed,wlougheedbf@blogs.com,Female,149.186.187.217
413,Benyamin,Attenbrough,battenbroughbg@whitehouse.gov,Female,182.100.155.16
414,Verile,Huxtable,vhuxtablebh@hatena.ne.jp,Male,181.120.50.244
415,Filip,Baldetti,fbaldettibi@gravatar.com,Female,109.240.168.132
416,Grove,Hillan,ghillanbj@linkedin.com,Male,17.206.228.133
417,Cassandre,Besque,cbesquebk@123-reg.co.uk,Male,23.203.104.124
418,Terrell,Gorghetto,tgorghettobl@bloglines.com,Male,123.39.189.91
419,Emmett,Akess,eakessbm@cloudflare.com,Female,187.17.56.47
420,Pattie,Mackley,pmackleybn@tinyurl.com,Female,150.68.166.16
421,Amble,Heighton,aheightonbo@devhub.com,Female,26.255.106.171
422,Thadeus,Sharrier,tsharrierbp@hud.gov,Male,143.240.94.35
423,Raffarty,Stott,rstottbq@elegantthemes.com,Male,196.173.13.15
424,Sibylle,Guerreiro,sguerreirobr@examiner.com,Male,76.109.212.130
425,Sosanna,Ledur,sledurbs@kickstarter.com,Female,161.98.103.60
426,Worden,Napolione,wnapolionebt@miitbeian.gov.cn,Female,136.52.135.204
427,Cordie,Draye,cdrayebu@epa.gov,Male,175.232.127.253
428,Ansell,Madgett,amadgettbv@discuz.net,Male,38.121.160.210
429,Cortie,Dalligan,cdalliganbw@virginia.edu,Male,230.208.230.68
430,Ringo,Stanlock,rstanlockbx@desdev.cn,Female,96.18.234.177
431,Adda,Harpham,aharphamby@wp.com,Female,148.77.204.208
432,Mordecai,Estrella,mestrellabz@marketwatch.com,Genderqueer,186.36.215.248
433,Cleveland,Tirrell,ctirrellc0@arizona.edu,Male,4.95.170.34
434,Milty,Longbothom,mlongbothomc1@cloudflare.com,Female,207.177.118.202
435,Joanie,Gorton,jgortonc2@youtube.com,Male,184.55.243.79
436,Euell,Abbott,eabbottc3@homestead.com,Non-binary,98.179.225.58
437,Gerrard,McPhaden,gmcphadenc4@latimes.com,Male,84.34.81.4
438,Carmina,Aris,carisc5@rakuten.co.jp,Female,44.100.251.153
439,Cindy,Hemstead,chemsteadc6@netscape.com,Female,125.22.111.166
440,Angelle,Schaffler,aschafflerc7@ebay.com,Female,140.129.207.117
441,Roddie,Heckle,rhecklec8@pinterest.com,Male,135.92.33.192
442,Leonid,Matthiesen,lmatthiesenc9@businessinsider.com,Male,92.14.116.228
443,Enriqueta,Morden,emordenca@engadget.com,Male,55.239.181.68
444,Denny,Scardafield,dscardafieldcb@flavors.me,Male,241.49.126.47
445,Evered,Lux,eluxcc@census.gov,Female,225.50.121.75
446,Sandie,Imesson,simessoncd@smugmug.com,Male,160.60.245.103
447,Dell,Dilston,ddilstonce@mit.edu,Agender,83.138.78.212
448,Corly,Sawell,csawellcf@arstechnica.com,Non-binary,139.147.166.113
449,Merilee,Aimson,maimsoncg@cpanel.net,Female,146.171.118.51
450,Juliana,Cherrett,jcherrettch@home.pl,Female,143.17.115.175
451,Jehanna,Sollner,jsollnerci@prnewswire.com,Male,170.33.163.59
452,Allie,Painten,apaintencj@hc360.com,Female,97.201.5.136
453,Ardelle,Mannix,amannixck@uol.com.br,Female,25.15.193.24
454,Brooke,Ricciardello,bricciardellocl@statcounter.com,Female,28.132.81.116
455,Grantley,Lipprose,glipprosecm@amazon.com,Female,149.11.60.176
456,Scarlett,Fell,sfellcn@amazon.co.uk,Male,8.129.169.42
457,Theo,Elmar,telmarco@apache.org,Male,23.162.6.24
458,Karlie,McKibbin,kmckibbincp@ifeng.com,Male,249.70.111.166
459,Nicoline,Castelain,ncastelaincq@mail.ru,Male,61.29.48.219
460,Marwin,MacQuist,mmacquistcr@a8.net,Female,85.166.122.194
461,Roderigo,Slowey,rsloweycs@tamu.edu,Male,27.238.9.133
462,Sasha,Crennell,scrennellct@marriott.com,Male,185.193.16.173
463,Artie,Battman,abattmancu@tiny.cc,Female,199.153.114.16
464,Alma,Hospital,ahospitalcv@google.de,Female,234.154.130.188
465,Herta,Dencs,hdencscw@blog.com,Male,42.32.69.145
466,Von,Klosser,vklossercx@cbsnews.com,Male,164.220.153.4
467,Barb,Jepensen,bjepensency@weibo.com,Male,218.176.38.63
468,Milissent,Force,mforcecz@cornell.edu,Female,226.113.184.222
469,Dominic,Domelaw,ddomelawd0@diigo.com,Male,10.82.194.244
470,Galvan,Heiner,gheinerd1@nature.com,Female,78.23.29.67
471,Janaye,Champkins,jchampkinsd2@msu.edu,Female,12.171.200.66
472,Hewie,Vlahos,hvlahosd3@npr.org,Male,159.98.36.176
473,Lacie,Gonnel,lgonneld4@businesswire.com,Female,45.58.25.242
474,Federica,Torbeck,ftorbeckd5@pagesperso-orange.fr,Male,75.86.39.163
475,Erinna,Worviell,eworvielld6@intel.com,Female,39.187.117.4
476,Berkie,McIndoe,bmcindoed7@sohu.com,Female,181.78.119.216
477,Welby,Lorent,wlorentd8@mozilla.org,Female,84.98.97.254
478,Eberto,Bullas,ebullasd9@unc.edu,Male,63.16.154.155
479,Shepard,Dabbs,sdabbsda@foxnews.com,Female,242.222.122.220
480,Guthrie,McRobb,gmcrobbdb@facebook.com,Male,247.63.142.82
481,Leonerd,Manifould,lmanifoulddc@t-online.de,Male,249.107.86.156
482,Lauryn,Braban,lbrabandd@artisteer.com,Female,169.93.108.239
483,Vanya,Balcombe,vbalcombede@ebay.com,Male,215.207.11.65
484,Nickolai,Maidens,nmaidensdf@baidu.com,Female,220.76.73.253
485,Devan,Hembrow,dhembrowdg@trellian.com,Female,222.88.245.234
486,Lorry,Buttler,lbuttlerdh@com.com,Male,168.238.10.209
487,Chrissy,Gawkroge,cgawkrogedi@flavors.me,Female,47.51.81.148
488,Abigail,Bullivant,abullivantdj@ow.ly,Genderfluid,69.233.86.172
489,Thia,Sainte Paul,tsaintepauldk@simplemachines.org,Female,181.43.57.69
490,Karna,Hudless,khudlessdl@netlog.com,Male,137.192.222.242
491,Patty,Wickson,pwicksondm@tiny.cc,Female,175.18.106.205
492,Merrel,Beach,mbeachdn@java.com,Male,206.174.77.156
493,Rosmunda,Loosemore,rloosemoredo@spotify.com,Female,159.139.149.106
494,Corty,Lilleyman,clilleymandp@jiathis.com,Female,149.9.91.163
495,Wileen,Plumbley,wplumbleydq@apache.org,Female,79.66.220.240
496,Hort,Lucian,hluciandr@prnewswire.com,Female,129.181.30.228
497,Cos,Elizabeth,celizabethds@microsoft.com,Agender,4.59.70.84
498,Dollie,Bailey,dbaileydt@yellowpages.com,Male,91.179.204.30
499,Devinne,Clutterham,dclutterhamdu@va.gov,Female,198.178.217.78
500,Ginny,Hallwood,ghallwooddv@globo.com,Male,41.179.206.12
501,Hailee,Redgewell,hredgewelldw@behance.net,Female,177.218.4.184
502,Zachary,Desorts,zdesortsdx@mapquest.com,Genderfluid,58.72.31.197
503,Linc,Maymand,lmaymanddy@cyberchimps.com,Male,84.247.63.92
504,Osmund,Bottjer,obottjerdz@webeden.co.uk,Female,36.146.202.5
505,Barty,Malone,bmalonee0@wikia.com,Male,175.149.250.100
506,Robinetta,Dowber,rdowbere1@etsy.com,Female,8.27.141.244
507,Robinet,Crilly,rcrillye2@paginegialle.it,Male,169.218.42.169
508,Carlye,Merrgan,cmerrgane3@google.co.jp,Female,28.115.6.62
509,Valera,Sissot,vsissote4@biblegateway.com,Male,115.163.144.139
510,Rowena,Tombleson,rtomblesone5@photobucket.com,Agender,73.213.7.126
511,Darbie,Harp,dharpe6@tinyurl.com,Female,142.130.206.59
512,Sunshine,Elcum,selcume7@fc2.com,Female,144.193.76.36
513,Janie,Sampson,jsampsone8@chicagotribune.com,Female,165.210.134.142
514,Antin,Domerq,adomerqe9@gizmodo.com,Male,152.49.214.115
515,Marcelline,Brigden,mbrigdenea@youtube.com,Male,70.190.164.214
516,Jacques,Keech,jkeecheb@elegantthemes.com,Male,161.28.247.239
517,Danita,Currall,dcurrallec@forbes.com,Bigender,23.101.156.74
518,Deonne,Edmunds,dedmundsed@vistaprint.com,Male,117.255.160.37
519,Matthaeus,de Clerk,mdeclerkee@deviantart.com,Female,182.74.211.20
520,Manda,Ashton,mashtonef@trellian.com,Male,24.107.183.189
521,Perri,Martonfi,pmartonfieg@amazon.de,Genderfluid,63.95.98.96
522,Carole,Gendricke,cgendrickeeh@ning.com,Male,167.74.11.95
523,Virgie,Primo,vprimoei@plala.or.jp,Agender,104.148.186.101
524,Haroun,Mirfield,hmirfieldej@booking.com,Female,22.137.250.76
525,Erin,Godspeede,egodspeedeek@mit.edu,Female,255.157.254.33
526,Neils,Dowdle,ndowdleel@macromedia.com,Male,11.19.29.197
527,Sharia,Di Bernardo,sdibernardoem@msn.com,Male,108.81.161.158
528,Perry,Wigsell,pwigsellen@gmpg.org,Female,3.46.166.57
529,Dasi,Lindborg,dlindborgeo@cornell.edu,Male,211.180.133.214
530,Lovell,Mincher,lmincherep@example.com,Female,42.217.143.110
531,Randolf,Duddin,rduddineq@printfriendly.com,Female,185.252.249.195
532,Cynde,Lowten,clowtener@biblegateway.com,Male,74.28.4.94
533,Shandra,Bartrop,sbartropes@msn.com,Male,111.146.109.66
534,Taffy,Livesey,tliveseyet@com.com,Male,14.76.226.148
535,Dara,Reason,dreasoneu@shop-pro.jp,Male,184.88.161.243
536,Merola,Laskey,mlaskeyev@cafepress.com,Male,250.168.42.216
537,Rozamond,Herche,rhercheew@arizona.edu,Male,50.36.3.22
538,Kizzee,McMillan,kmcmillanex@google.com.br,Male,68.6.170.235
539,Sally,Ronan,sronaney@posterous.com,Male,46.30.64.115
540,Laverne,Dellow,ldellowez@chronoengine.com,Female,76.137.226.116
541,Saidee,Crippell,scrippellf0@sourceforge.net,Male,177.241.169.246
542,Iolanthe,Pasby,ipasbyf1@delicious.com,Male,172.240.240.133
543,Deanne,Vain,dvainf2@businesswire.com,Female,142.122.141.190
544,Myer,Lynnitt,mlynnittf3@4shared.com,Female,232.209.78.236
545,Belia,Gridley,bgridleyf4@fema.gov,Non-binary,146.81.222.108
546,Abran,Marlen,amarlenf5@vimeo.com,Female,109.210.154.107
547,Freddy,Dansie,fdansief6@google.com.hk,Male,186.145.154.99
548,Carroll,Arnaut,carnautf7@shutterfly.com,Male,225.123.231.234
549,Zonda,Rupel,zrupelf8@networkadvertising.org,Female,177.74.14.232
550,Barnabas,Petrovykh,bpetrovykhf9@xing.com,Male,153.3.72.245
551,Maximo,Scullard,mscullardfa@liveinternet.ru,Male,77.184.189.165
552,Adi,Brodnecke,abrodneckefb@free.fr,Agender,76.72.121.86
553,Cynde,Kix,ckixfc@rediff.com,Female,145.72.185.88
554,Carol,Livezley,clivezleyfd@twitpic.com,Male,153.160.176.208
555,Germana,de Keyser,gdekeyserfe@liveinternet.ru,Female,110.185.233.83
556,Hilary,Bernucci,hbernucciff@salon.com,Polygender,25.161.242.218
557,Flossy,Kunzelmann,fkunzelmannfg@youtube.com,Female,21.223.209.203
558,Hirsch,Emeny,hemenyfh@quantcast.com,Male,224.84.85.78
559,Fancie,Shingfield,fshingfieldfi@163.com,Female,217.21.85.243
560,Brett,Mulderrig,bmulderrigfj@uol.com.br,Female,207.241.27.234
561,Foss,Toft,ftoftfk@indiatimes.com,Genderfluid,104.139.123.233
562,Gwendolyn,Jiggen,gjiggenfl@accuweather.com,Female,108.81.118.29
563,Johny,Ciani,jcianifm@yolasite.com,Female,51.138.209.248
564,Rowland,Sore,rsorefn@smh.com.au,Female,228.41.124.123
565,Myriam,Ewers,mewersfo@slashdot.org,Female,131.135.150.124
566,Glyn,Berzons,gberzonsfp@comcast.net,Male,115.108.192.245
567,Junette,Mungane,jmunganefq@istockphoto.com,Male,35.172.90.139
568,Robina,Lionel,rlionelfr@printfriendly.com,Male,140.108.10.81
569,Kimmie,Palleske,kpalleskefs@posterous.com,Polygender,246.146.2.36
570,Viviyan,Hardage,vhardageft@pinterest.com,Female,75.73.2.106
571,Emelyne,Salters,esaltersfu@cnet.com,Female,94.111.88.37
572,Morganne,Ollivier,mollivierfv@xing.com,Male,211.242.2.207
573,Franky,Kort,fkortfw@live.com,Female,211.242.244.44
574,Hoebart,Dollard,hdollardfx@w3.org,Female,172.194.61.53
575,Hill,Finnie,hfinniefy@1und1.de,Female,20.153.52.61
576,Brendin,Hurry,bhurryfz@npr.org,Female,232.79.25.255
577,Atlante,Abade,aabadeg0@dyndns.org,Female,57.71.159.223
578,Michelle,Vango,mvangog1@mozilla.com,Male,24.152.1.27
579,Korella,Libbis,klibbisg2@zimbio.com,Female,0.111.105.188
580,Carri,Kemwall,ckemwallg3@google.com.hk,Female,95.196.42.99
581,Elissa,Tupling,etuplingg4@facebook.com,Female,150.245.129.223
582,Torie,Finessy,tfinessyg5@livejournal.com,Bigender,177.110.186.190
583,Melitta,Limbrick,mlimbrickg6@uiuc.edu,Genderfluid,87.55.44.72
584,Elianore,O'Shevlan,eoshevlang7@ucla.edu,Male,23.138.170.227
585,Abigale,Kubica,akubicag8@omniture.com,Male,113.230.122.175
586,Kristel,Cason,kcasong9@ocn.ne.jp,Female,25.253.25.13
587,Mildrid,Jeffes,mjeffesga@cargocollective.com,Female,66.252.44.211
588,Dimitry,Grinsdale,dgrinsdalegb@fastcompany.com,Male,232.198.87.212
589,Nata,Strapp,nstrappgc@github.io,Male,40.16.150.20
590,Vevay,Lopez,vlopezgd@icio.us,Bigender,120.50.141.191
591,Winnah,Sowerby,wsowerbyge@domainmarket.com,Male,93.140.45.219
592,Antonetta,Lancastle,alancastlegf@telegraph.co.uk,Female,59.227.91.237
593,Gaynor,Sangar,gsangargg@discovery.com,Male,43.85.1.149
594,Mariele,Simak,msimakgh@github.io,Male,44.123.53.138
595,Gregoor,Davioud,gdavioudgi@irs.gov,Female,4.181.61.133
596,Duff,Goforth,dgoforthgj@google.com,Female,179.84.8.10
597,Merell,Brand-Hardy,mbrandhardygk@newyorker.com,Female,167.160.144.183
598,Creighton,Kanter,ckantergl@ning.com,Female,210.169.154.127
599,Susy,Spreull,sspreullgm@tripadvisor.com,Male,50.233.150.7
600,Lorita,Bilt,lbiltgn@list-manage.com,Female,234.49.15.121
601,Gratia,Obbard,gobbardgo@yahoo.co.jp,Male,162.161.179.237
602,Chrysa,Sleicht,csleichtgp@fastcompany.com,Male,42.56.223.188
603,Noell,Padgham,npadghamgq@elegantthemes.com,Female,208.34.22.144
604,Elnore,Henworth,ehenworthgr@arizona.edu,Male,132.138.75.216
605,Danice,Dyche,ddychegs@blogs.com,Male,203.80.82.100
606,Lanae,Hay,lhaygt@microsoft.com,Male,111.239.212.60
607,Eirena,Edgeson,eedgesongu@businessinsider.com,Female,232.77.156.183
608,Sonny,Scurrell,sscurrellgv@lycos.com,Male,160.169.233.196
609,Rhea,Ambroix,rambroixgw@blogger.com,Female,64.248.19.232
610,Cherianne,Charlet,ccharletgx@washington.edu,Male,56.162.101.253
611,Ame,Knotton,aknottongy@usgs.gov,Male,198.154.110.253
612,Stuart,Flanne,sflannegz@360.cn,Female,34.86.102.153
613,Laurene,Yanin,lyaninh0@webeden.co.uk,Male,168.242.51.31
614,Bearnard,Danat,bdanath1@topsy.com,Male,28.84.82.221
615,Brandon,Wychard,bwychardh2@netscape.com,Male,16.74.8.91
616,Missie,Bernaciak,mbernaciakh3@freewebs.com,Male,136.54.113.220
617,Angel,M'Quharg,amquhargh4@cpanel.net,Male,105.240.176.14
618,Ermengarde,Grimster,egrimsterh5@storify.com,Male,18.168.238.154
619,Dominique,Breckwell,dbreckwellh6@t.co,Male,173.126.15.28
620,Estevan,Cran,ecranh7@wikimedia.org,Female,104.50.222.224
621,Nicol,Crispin,ncrispinh8@latimes.com,Polygender,217.151.216.233
622,Homere,Ingman,hingmanh9@telegraph.co.uk,Male,214.106.179.31
623,Kym,Olsson,kolssonha@zdnet.com,Male,111.69.36.155
624,Kinsley,Tuplin,ktuplinhb@livejournal.com,Male,107.115.189.55
625,Dore,Bedford,dbedfordhc@rambler.ru,Female,191.59.196.116
626,Erica,Braisted,ebraistedhd@earthlink.net,Male,107.38.247.73
627,Brantley,Gerrad,bgerradhe@businessweek.com,Female,24.120.124.248
628,Carlita,Ryde,crydehf@mapy.cz,Female,74.162.38.72
629,Jourdan,Gosnall,jgosnallhg@craigslist.org,Male,110.225.45.5
630,Caritta,Perott,cperotthh@loc.gov,Female,182.40.55.147
631,Koral,Legrave,klegravehi@deviantart.com,Male,235.183.228.107
632,Kaylee,Richardsson,krichardssonhj@furl.net,Male,223.77.33.193
633,Wilek,Hanaford,whanafordhk@google.nl,Female,128.144.126.194
634,Everett,Mirams,emiramshl@yahoo.co.jp,Female,46.247.44.202
635,Chev,Ettridge,cettridgehm@sfgate.com,Male,61.93.165.151
636,Glory,Hamal,ghamalhn@bigcartel.com,Male,85.148.161.28
637,Sampson,Playfair,splayfairho@wp.com,Polygender,29.157.1.254
638,Quintana,Bernlin,qbernlinhp@usgs.gov,Male,108.146.198.12
639,Mariel,Janas,mjanashq@sina.com.cn,Female,202.107.119.82
640,Jermain,Codeman,jcodemanhr@globo.com,Male,152.194.63.20
641,Lebbie,McFeat,lmcfeaths@msu.edu,Female,28.203.125.62
642,Daisie,Sollitt,dsollittht@tmall.com,Male,229.144.12.208
643,Danny,Agates,dagateshu@dedecms.com,Female,87.103.133.69
644,Hazel,Grieves,hgrieveshv@cbsnews.com,Female,86.143.181.150
645,Averyl,Toppin,atoppinhw@odnoklassniki.ru,Male,79.144.0.34
646,Sydney,Burrage,sburragehx@chronoengine.com,Male,238.44.116.213
647,Manuel,Drinkhill,mdrinkhillhy@wunderground.com,Male,125.75.20.240
648,Kiersten,McGrill,kmcgrillhz@hibu.com,Male,66.251.126.11
649,Lanette,Moth,lmothi0@google.co.uk,Female,143.225.23.86
650,Jessica,Leschelle,jleschellei1@geocities.jp,Male,3.174.51.151
651,Agnola,Hucquart,ahucquarti2@symantec.com,Male,155.151.209.114
652,Tybalt,Fardo,tfardoi3@t.co,Female,145.206.3.227
653,Arnold,Syplus,asyplusi4@time.com,Female,206.253.200.44
654,Arvy,Winchcomb,awinchcombi5@bigcartel.com,Male,75.109.22.232
655,Joana,Bolesma,jbolesmai6@latimes.com,Male,245.101.75.223
656,Wolfgang,Wykes,wwykesi7@dyndns.org,Male,27.73.86.35
657,Merrill,Pottle,mpottlei8@scientificamerican.com,Female,112.10.230.80
658,Sherlocke,Collick,scollicki9@fda.gov,Polygender,180.96.81.52
659,Sher,Batterton,sbattertonia@rambler.ru,Male,190.133.233.59
660,Cleve,Yegorkov,cyegorkovib@1688.com,Female,56.188.243.213
661,Stan,Anthill,santhillic@shareasale.com,Male,202.246.50.3
662,Clerissa,Steanyng,csteanyngid@tinyurl.com,Genderqueer,138.85.104.100
663,Ezekiel,Gilders,egildersie@wisc.edu,Male,99.205.38.40
664,Charissa,Hallums,challumsif@gmpg.org,Male,13.209.113.167
665,Ignazio,Wiggins,iwigginsig@nbcnews.com,Female,119.114.114.78
666,Zorah,Coxen,zcoxenih@imageshack.us,Female,93.156.142.189
667,Kale,Manlow,kmanlowii@ft.com,Female,146.169.244.168
668,Tremayne,Diwell,tdiwellij@feedburner.com,Female,67.98.232.208
669,Zoe,Stoeck,zstoeckik@jiathis.com,Female,99.127.194.228
670,Garrik,Hubatsch,ghubatschil@xinhuanet.com,Male,155.125.25.152
671,Florri,Sackes,fsackesim@rambler.ru,Male,50.255.201.86
672,Bastien,Jakucewicz,bjakucewiczin@dyndns.org,Male,154.186.70.2
673,Fania,Kyd,fkydio@flavors.me,Female,10.124.129.162
674,Clarice,Sommerlie,csommerlieip@icq.com,Female,25.213.1.151
675,Mira,Macci,mmacciiq@friendfeed.com,Female,0.63.121.217
676,Shauna,Bagworth,sbagworthir@pbs.org,Female,187.133.160.186
677,Giovanni,Mico,gmicois@businessinsider.com,Female,125.234.227.124
678,Hilary,Bikker,hbikkerit@sun.com,Female,130.199.184.0
679,Antonina,Ferris,aferrisiu@dmoz.org,Male,25.244.80.126
680,Randolf,Danovich,rdanovichiv@webs.com,Male,169.35.119.162
681,Aime,Bousler,abousleriw@usgs.gov,Female,40.1.161.189
682,Glyn,Denisard,gdenisardix@cam.ac.uk,Female,193.6.153.28
683,Candy,Shoute,cshouteiy@reference.com,Female,22.161.22.10
684,Sibby,Claesens,sclaesensiz@wikimedia.org,Female,172.173.91.201
685,Mariele,Penrose,mpenrosej0@dailymotion.com,Female,97.98.53.40
686,Shannon,Gandar,sgandarj1@dyndns.org,Male,101.162.66.31
687,Janice,Monteith,jmonteithj2@woothemes.com,Female,68.39.71.179
688,Jayson,Speke,jspekej3@gov.uk,Male,122.192.90.5
689,Lurette,McComish,lmccomishj4@marketwatch.com,Female,95.13.26.184
690,Paula,Mulcaster,pmulcasterj5@blogspot.com,Female,58.62.11.34
691,Sandi,Oldman,soldmanj6@behance.net,Female,8.208.163.24
692,Alberto,Kamien,akamienj7@bloomberg.com,Male,140.51.67.236
693,Nesta,Higginbottam,nhigginbottamj8@digg.com,Male,58.173.231.133
694,Noni,Christaeas,nchristaeasj9@mediafire.com,Genderfluid,136.218.228.183
695,Ramsay,Vidyapin,rvidyapinja@weibo.com,Female,101.145.155.252
696,Weylin,Jewis,wjewisjb@1688.com,Genderqueer,176.47.119.220
697,Christyna,Mayhead,cmayheadjc@tumblr.com,Female,124.101.91.59
698,Hyacinth,Penticoot,hpenticootjd@cloudflare.com,Male,59.38.151.199
699,Gabey,Rees,greesje@gnu.org,Female,171.42.255.84
700,Sonja,Semper,ssemperjf@photobucket.com,Female,188.218.51.210
701,Marijo,Anfusso,manfussojg@sitemeter.com,Polygender,54.79.99.9
702,Gery,Stanaway,gstanawayjh@dion.ne.jp,Female,52.204.69.254
703,Dorice,Hebbard,dhebbardji@blogspot.com,Male,182.120.119.172
704,Germana,Pietz,gpietzjj@comsenz.com,Male,68.84.206.148
705,Bradly,Lancastle,blancastlejk@dailymail.co.uk,Genderfluid,33.18.9.238
706,Gerrie,Johnston,gjohnstonjl@cnbc.com,Male,71.159.151.90
707,Murry,Muehle,mmuehlejm@wiley.com,Female,2.18.139.161
708,Rosaleen,Summerell,rsummerelljn@sfgate.com,Female,206.35.9.165
709,Dania,Cobbled,dcobbledjo@flickr.com,Female,221.210.81.106
710,Hattie,Somerset,hsomersetjp@free.fr,Male,160.1.126.69
711,Merrielle,O'Sheilds,mosheildsjq@myspace.com,Female,59.166.115.215
712,Ignatius,Dawtry,idawtryjr@omniture.com,Male,54.189.21.142
713,Joyann,Perett,jperettjs@china.com.cn,Female,26.33.252.109
714,Dan,Guille,dguillejt@elpais.com,Female,85.212.44.188
715,Sher,Kempstone,skempstoneju@joomla.org,Female,214.255.107.72
716,Kelsey,Attwooll,kattwoolljv@bbc.co.uk,Female,154.157.118.118
717,Joice,Guntrip,jguntripjw@squarespace.com,Female,126.200.230.34
718,Tomasina,McIlvoray,tmcilvorayjx@is.gd,Female,149.92.231.133
719,Emanuel,Squirrell,esquirrelljy@yahoo.co.jp,Male,20.116.158.228
720,Barbie,Drance,bdrancejz@oakley.com,Female,132.167.26.124
721,Flem,Sawkin,fsawkink0@imageshack.us,Female,51.244.85.142
722,Minnie,Emburey,membureyk1@gizmodo.com,Female,147.72.44.196
723,Coop,Georgescu,cgeorgescuk2@wsj.com,Female,22.140.182.10
724,Berk,Chesman,bchesmank3@cbslocal.com,Agender,200.86.118.7
725,Alica,Willarton,awillartonk4@gizmodo.com,Female,102.21.21.213
726,Jonathon,Barde,jbardek5@princeton.edu,Male,184.52.47.10
727,Law,Zotto,lzottok6@phoca.cz,Female,90.152.210.146
728,Terrel,Tennick,ttennickk7@angelfire.com,Female,181.145.37.88
729,Conroy,Dericot,cdericotk8@icio.us,Male,88.133.143.77
730,Gustav,Melin,gmelink9@purevolume.com,Female,174.112.3.115
731,Robin,Blacksell,rblacksellka@springer.com,Female,185.119.124.48
732,Boycey,Metts,bmettskb@accuweather.com,Female,152.163.102.11
733,Maddy,Berzon,mberzonkc@ftc.gov,Male,229.19.57.85
734,Miguelita,Goodfellowe,mgoodfellowekd@topsy.com,Male,83.195.224.153
735,Eada,Manjot,emanjotke@jiathis.com,Male,65.216.126.87
736,Claudelle,Havers,chaverskf@independent.co.uk,Female,73.193.110.204
737,Joye,Rignall,jrignallkg@yolasite.com,Female,206.85.138.79
738,Aurore,Derrick,aderrickkh@alexa.com,Male,100.54.9.204
739,Lorrayne,Whitwood,lwhitwoodki@shareasale.com,Male,48.128.231.203
740,Mahmoud,Rameau,mrameaukj@gnu.org,Male,114.246.235.234
741,Patric,Sheavills,psheavillskk@shinystat.com,Male,222.89.30.210
742,Jan,Cogzell,jcogzellkl@xrea.com,Male,88.226.36.103
743,Grethel,Laughren,glaughrenkm@fema.gov,Non-binary,215.34.241.16
744,Etan,Morritt,emorrittkn@admin.ch,Female,147.53.89.223
745,Franni,Antognazzi,fantognazziko@wired.com,Male,9.53.67.193
746,Eleonore,Sommerville,esommervillekp@g.co,Female,98.244.189.80
747,Devin,Chominski,dchominskikq@epa.gov,Male,20.246.114.178
748,Freddie,Hummerston,fhummerstonkr@fastcompany.com,Female,85.65.250.82
749,Iseabal,Shire,ishireks@businessweek.com,Male,136.23.247.14
750,Jeremie,Matuskiewicz,jmatuskiewiczkt@google.es,Male,123.4.77.79
751,Flossie,Matiasek,fmatiasekku@macromedia.com,Female,81.198.192.211
752,Vaclav,Aicheson,vaichesonkv@woothemes.com,Female,104.66.67.57
753,Thia,Giovannilli,tgiovannillikw@seattletimes.com,Male,65.201.27.14
754,Allyce,Munning,amunningkx@toplist.cz,Male,25.140.58.37
755,Grace,Defau,gdefauky@samsung.com,Female,119.95.201.69
756,Evin,Lindenbluth,elindenbluthkz@blogspot.com,Bigender,190.167.154.93
757,Virgilio,Schottli,vschottlil0@timesonline.co.uk,Female,62.121.25.0
758,Lucias,Bayliss,lbaylissl1@independent.co.uk,Male,205.43.166.127
759,Jamal,Pinke,jpinkel2@soundcloud.com,Genderqueer,11.2.41.68
760,Charlene,Chasier,cchasierl3@webeden.co.uk,Male,194.31.67.97
761,Timofei,Balmadier,tbalmadierl4@ow.ly,Male,40.0.215.58
762,Fan,Forty,ffortyl5@about.me,Female,240.192.21.116
763,Shaun,Chessill,schessilll6@soup.io,Female,136.22.90.110
764,Maurie,Corey,mcoreyl7@typepad.com,Male,192.85.254.184
765,Mireille,Roelvink,mroelvinkl8@unc.edu,Female,238.94.1.126
766,Dicky,Tune,dtunel9@wikia.com,Male,215.217.95.173
767,Doralynn,Papaminas,dpapaminasla@people.com.cn,Male,230.23.10.19
768,Vincent,Burney,vburneylb@microsoft.com,Polygender,166.174.188.219
769,Sonja,Virgo,svirgolc@surveymonkey.com,Male,90.18.43.121
770,Tami,Coo,tcoold@yahoo.co.jp,Female,171.88.24.183
771,Tana,Wilber,twilberle@indiatimes.com,Male,16.91.167.166
772,Friederike,Sitlinton,fsitlintonlf@wisc.edu,Female,137.62.58.165
773,Sanders,Andreasen,sandreasenlg@narod.ru,Male,1.127.226.234
774,Erda,Fitzhenry,efitzhenrylh@usnews.com,Male,110.40.242.72
775,Gilberta,Twelftree,gtwelftreeli@gov.uk,Polygender,220.225.40.209
776,Claudianus,Kenwood,ckenwoodlj@ask.com,Male,221.234.33.56
777,Vinny,Baldacco,vbaldaccolk@google.com.br,Male,104.62.90.223
778,Lester,Haddington,lhaddingtonll@angelfire.com,Female,204.143.5.37
779,Camella,Phateplace,cphateplacelm@behance.net,Male,184.210.47.63
780,Vinny,Lade,vladeln@miitbeian.gov.cn,Female,39.226.144.117
781,Fayina,Harce,fharcelo@va.gov,Female,73.213.41.237
782,Sax,Taffley,staffleylp@fda.gov,Female,141.197.149.132
783,Ferdy,Challes,fchalleslq@epa.gov,Male,21.236.121.23
784,Heath,Hembry,hhembrylr@slideshare.net,Female,190.64.208.186
785,Garold,Taw,gtawls@studiopress.com,Male,50.178.54.28
786,Thatcher,Beazleigh,tbeazleighlt@sitemeter.com,Male,24.222.84.63
787,Randie,Okie,rokielu@uol.com.br,Male,253.5.183.166
788,Britte,Maryin,bmaryinlv@mediafire.com,Non-binary,241.145.84.3
789,Blondy,Fagge,bfaggelw@ask.com,Male,14.197.28.136
790,Mariquilla,Hanscombe,mhanscombelx@mozilla.org,Female,187.249.1.65
791,Jeth,Byass,jbyassly@squarespace.com,Male,6.47.115.14
792,Rhea,Mattock,rmattocklz@hatena.ne.jp,Female,216.37.51.155
793,Carly,Bilbey,cbilbeym0@stanford.edu,Male,174.9.115.217
794,Skip,Sawdon,ssawdonm1@utexas.edu,Female,22.176.99.121
795,Clem,Daintier,cdaintierm2@opera.com,Female,11.67.49.26
796,Dennie,Robker,drobkerm3@tiny.cc,Female,65.207.71.240
797,Sioux,Hastwell,shastwellm4@google.cn,Male,61.153.160.127
798,Ollie,Fadell,ofadellm5@wunderground.com,Male,165.139.76.185
799,Dwain,Overell,doverellm6@blogs.com,Female,31.108.228.78
800,Donny,Cawthron,dcawthronm7@ft.com,Female,79.224.52.100
801,Ronda,Labro,rlabrom8@statcounter.com,Male,118.188.114.110
802,Holt,Cawte,hcawtem9@jugem.jp,Male,129.79.164.46
803,Elene,Disley,edisleyma@ox.ac.uk,Male,195.1.184.237
804,Mozelle,Alsford,malsfordmb@eventbrite.com,Female,74.163.216.94
805,Fionna,Sheran,fsheranmc@slashdot.org,Male,232.190.143.232
806,Ogdan,Bartlomiej,obartlomiejmd@creativecommons.org,Male,201.153.98.157
807,Robena,Strauss,rstraussme@cyberchimps.com,Male,248.24.247.23
808,Lorrin,Dugood,ldugoodmf@scribd.com,Male,216.84.143.234
809,Hollis,Shiliton,hshilitonmg@cbc.ca,Male,154.93.240.156
810,Padget,Peasegood,ppeasegoodmh@rakuten.co.jp,Male,160.32.118.13
811,Christin,Venning,cvenningmi@bravesites.com,Female,247.103.205.118
812,Valentia,Lefever,vlefevermj@yandex.ru,Male,54.97.130.114
813,Ketty,Ziehm,kziehmmk@edublogs.org,Female,84.99.54.130
814,Winnie,Bourrel,wbourrelml@scribd.com,Male,199.149.162.15
815,Will,Wigzell,wwigzellmm@wsj.com,Polygender,70.140.181.95
816,Antonia,Valenta,avalentamn@economist.com,Female,8.249.223.0
817,Almire,Southouse,asouthousemo@blinklist.com,Polygender,9.114.17.96
818,Bancroft,Able,bablemp@wordpress.org,Male,121.156.72.0
819,Babs,Raymen,braymenmq@auda.org.au,Female,117.241.80.218
820,Blanche,De Bruyne,bdebruynemr@wisc.edu,Male,72.69.46.79
821,Gannon,Spurway,gspurwayms@ow.ly,Male,175.15.44.158
822,Karol,Letterick,kletterickmt@indiatimes.com,Female,12.91.143.244
823,Josi,Silkston,jsilkstonmu@goo.ne.jp,Female,63.19.3.47
824,Hyacinthia,Saker,hsakermv@last.fm,Female,92.243.241.129
825,Cheri,Condon,ccondonmw@goo.gl,Male,101.167.31.150
826,Fara,Coope,fcoopemx@usda.gov,Male,141.162.230.109
827,Amata,Chsteney,achsteneymy@hostgator.com,Female,33.222.226.211
828,Nancie,Upston,nupstonmz@hp.com,Female,212.48.17.218
829,Nerty,Heinssen,nheinssenn0@chron.com,Male,49.170.200.11
830,Tabor,Oliveras,toliverasn1@histats.com,Male,10.96.189.226
831,Barret,Castaignet,bcastaignetn2@tuttocitta.it,Male,253.182.111.36
832,Rea,Bagge,rbaggen3@unblog.fr,Non-binary,19.17.53.159
833,Rustie,Rustman,rrustmann4@paginegialle.it,Polygender,56.252.84.129
834,Frederik,Pantridge,fpantridgen5@pagesperso-orange.fr,Male,33.53.133.234
835,Gunar,Tessington,gtessingtonn6@webeden.co.uk,Male,31.9.80.113
836,Ky,Lippard,klippardn7@discuz.net,Female,33.217.84.29
837,Roxie,Prudham,rprudhamn8@ca.gov,Non-binary,102.195.180.139
838,Helga,Spuner,hspunern9@washington.edu,Bigender,80.235.217.245
839,Avrom,Trahearn,atrahearnna@360.cn,Female,182.37.43.136
840,Jenica,Gladbach,jgladbachnb@deliciousdays.com,Female,141.94.117.177
841,Granny,Fyfe,gfyfenc@hostgator.com,Female,196.48.234.84
842,Odilia,Eveling,oevelingnd@sourceforge.net,Male,87.70.190.206
843,Ashlan,Goodlad,agoodladne@java.com,Female,76.83.121.52
844,Tamqrah,Jewsbury,tjewsburynf@aboutads.info,Male,44.171.116.3
845,Noreen,Shatliff,nshatliffng@bing.com,Female,188.69.123.139
846,Paton,Locksley,plocksleynh@livejournal.com,Female,230.90.189.202
847,Archie,Tinkler,atinklerni@creativecommons.org,Female,111.46.226.151
848,Renault,Crocroft,rcrocroftnj@wsj.com,Male,18.191.125.190
849,Debi,Khidr,dkhidrnk@about.com,Female,119.37.35.181
850,Teodoro,Dessaur,tdessaurnl@last.fm,Polygender,76.251.7.249
851,Lennard,Dolley,ldolleynm@prweb.com,Male,97.47.240.154
852,Kimberlee,Pabst,kpabstnn@comcast.net,Male,128.162.201.228
853,Lorenzo,Gatteridge,lgatteridgeno@odnoklassniki.ru,Female,109.65.173.140
854,Glynda,Hendron,ghendronnp@sbwire.com,Genderqueer,104.87.116.166
855,Dorrie,Hartus,dhartusnq@theguardian.com,Non-binary,151.119.192.210
856,Nessa,Wiburn,nwiburnnr@ted.com,Male,255.74.119.132
857,Kevina,Cardnell,kcardnellns@statcounter.com,Female,211.244.126.235
858,Lula,Linklet,llinkletnt@who.int,Genderfluid,39.115.63.98
859,Regine,Joskowicz,rjoskowicznu@360.cn,Female,99.31.245.218
860,Giustina,Dealtry,gdealtrynv@taobao.com,Female,136.152.31.123
861,Brigit,Rosenau,brosenaunw@amazon.com,Male,148.31.51.163
862,Walther,Brunicke,wbrunickenx@csmonitor.com,Male,61.85.203.235
863,Ivett,Carlile,icarlileny@flavors.me,Male,119.164.94.38
864,Tressa,Ruspine,truspinenz@google.es,Male,109.231.32.14
865,Ilyse,Stinson,istinsono0@chicagotribune.com,Male,122.140.10.238
866,Audrye,Forsey,aforseyo1@multiply.com,Male,100.249.50.60
867,Melisenda,Feavyour,mfeavyouro2@desdev.cn,Male,133.2.25.103
868,Luke,Patty,lpattyo3@utexas.edu,Female,51.90.106.179
869,Farlee,Jollye,fjollyeo4@hostgator.com,Male,106.212.20.62
870,Ruthy,Capini,rcapinio5@intel.com,Male,246.213.156.154
871,Gay,Natte,gnatteo6@pen.io,Male,135.125.36.123
872,Venita,Skaife d'Ingerthorpe,vskaifedingerthorpeo7@mysql.com,Male,149.23.222.143
873,Conrado,Marquot,cmarquoto8@answers.com,Male,92.225.34.201
874,Cristian,Humpage,chumpageo9@craigslist.org,Female,44.74.234.223
875,Baily,Ducastel,bducasteloa@gizmodo.com,Agender,172.98.120.205
876,Teena,Shier,tshierob@loc.gov,Bigender,135.80.203.240
877,Leandra,O'Kerin,lokerinoc@techcrunch.com,Male,48.249.32.195
878,Porty,Housego,phousegood@senate.gov,Male,217.88.201.28
879,Jard,Lavigne,jlavigneoe@blogtalkradio.com,Female,209.249.159.79
880,Elizabeth,Roelofs,eroelofsof@booking.com,Female,115.190.166.204
881,Lawrence,Wadesworth,lwadesworthog@tripadvisor.com,Male,165.15.46.140
882,Devland,Cahn,dcahnoh@amazon.de,Genderfluid,193.178.62.10
883,Ludovico,O'Doohaine,lodoohaineoi@samsung.com,Female,127.63.176.7
884,Yulma,Vamplew,yvamplewoj@hud.gov,Non-binary,42.15.162.198
885,Pierson,Wasson,pwassonok@umich.edu,Male,251.38.161.80
886,Patton,Nore,pnoreol@google.de,Male,216.160.145.27
887,Englebert,Skirling,eskirlingom@elpais.com,Male,7.121.105.197
888,Cyrillus,Rostron,crostronon@github.com,Genderfluid,16.62.56.56
889,Karlotte,Madge,kmadgeoo@prweb.com,Male,194.73.248.209
890,Karlene,Stillert,kstillertop@scribd.com,Male,186.100.190.163
891,Stefanie,Scothern,sscothernoq@123-reg.co.uk,Male,114.5.77.22
892,Kory,Dunrige,kdunrigeor@thetimes.co.uk,Male,44.188.127.83
893,Lenee,Boothby,lboothbyos@friendfeed.com,Female,73.58.8.172
894,Ellery,Lamba,elambaot@tinypic.com,Female,88.164.86.61
895,Sheilakathryn,Linham,slinhamou@buzzfeed.com,Female,252.240.99.214
896,Willie,Boow,wboowov@icq.com,Female,201.129.16.43
897,Saraann,Diamond,sdiamondow@issuu.com,Non-binary,93.91.140.22
898,Channa,Milson,cmilsonox@pbs.org,Non-binary,176.177.189.155
899,Lorri,Gauchier,lgauchieroy@google.co.uk,Male,186.224.60.148
900,Hayley,Morfell,hmorfelloz@telegraph.co.uk,Male,6.149.186.196
901,Rip,Roalfe,rroalfep0@yellowpages.com,Male,27.132.16.161
902,Genny,Hitchens,ghitchensp1@oracle.com,Male,64.220.235.28
903,Maiga,Stebles,msteblesp2@livejournal.com,Male,13.101.72.158
904,Dulcinea,Girardez,dgirardezp3@trellian.com,Male,30.81.186.245
905,Simon,Barr,sbarrp4@tamu.edu,Male,248.21.149.243
906,Holly,Slemming,hslemmingp5@livejournal.com,Genderqueer,186.158.136.139
907,Kit,Chatwood,kchatwoodp6@slideshare.net,Male,224.73.107.6
908,Clarke,Lobell,clobellp7@google.it,Female,213.207.184.204
909,Suki,Luty,slutyp8@craigslist.org,Male,143.90.104.120
910,Harlie,Glaves,hglavesp9@fema.gov,Male,2.47.76.233
911,Christian,Montford,cmontfordpa@techcrunch.com,Male,158.72.120.124
912,Joseph,Chestle,jchestlepb@mapy.cz,Male,113.148.178.135
913,Shirleen,Ternent,sternentpc@yale.edu,Female,154.44.162.238
914,Eddie,Cordner,ecordnerpd@marketwatch.com,Female,131.70.98.31
915,Cristine,Thomton,cthomtonpe@time.com,Male,112.235.132.104
916,Lisha,Babalola,lbabalolapf@mapy.cz,Genderfluid,112.194.148.54
917,Thatch,Chadney,tchadneypg@skype.com,Female,146.141.246.49
918,Brett,Nardoni,bnardoniph@accuweather.com,Male,169.176.202.216
919,Gordy,Stutte,gstuttepi@springer.com,Female,244.36.146.8
920,Bonnibelle,Aughton,baughtonpj@scribd.com,Male,186.171.69.83
921,Fan,McLeoid,fmcleoidpk@wikipedia.org,Genderfluid,224.59.20.205
922,Harlen,Battin,hbattinpl@cocolog-nifty.com,Male,91.207.247.92
923,Leo,Nealey,lnealeypm@springer.com,Male,139.52.240.46
924,Wendye,Woodfield,wwoodfieldpn@cmu.edu,Male,35.89.70.224
925,Vanny,Peiser,vpeiserpo@hao123.com,Male,215.120.141.121
926,Giffy,Tipling,gtiplingpp@blogtalkradio.com,Male,226.106.87.66
927,Lonna,Keay,lkeaypq@businesswire.com,Female,130.223.12.15
928,Konstantin,Berney,kberneypr@sciencedaily.com,Male,64.190.78.237
929,Rosabella,Kleint,rkleintps@blogger.com,Male,65.183.202.123
930,Kirk,Ive,kivept@dmoz.org,Male,252.41.142.28
931,Inglebert,Gostage,igostagepu@webs.com,Female,234.250.9.68
932,Gunner,Bramwell,gbramwellpv@merriam-webster.com,Male,248.60.78.208
933,Merrily,Couldwell,mcouldwellpw@indiatimes.com,Female,119.10.144.63
934,Staci,Barlie,sbarliepx@phpbb.com,Female,145.228.5.1
935,Dorian,M'Barron,dmbarronpy@eventbrite.com,Female,92.89.245.76
936,Mariette,Motto,mmottopz@oaic.gov.au,Male,156.223.163.5
937,Jaimie,Battams,jbattamsq0@cmu.edu,Male,99.72.20.179
938,Sonny,Prinett,sprinettq1@nationalgeographic.com,Male,214.104.249.186
939,Sena,McGuffog,smcguffogq2@wunderground.com,Male,112.65.130.17
940,Foster,Done,fdoneq3@house.gov,Polygender,114.136.212.27
941,Caro,Durgan,cdurganq4@paginegialle.it,Male,167.208.17.113
942,Gregg,Paulon,gpaulonq5@tinyurl.com,Male,142.17.204.66
943,Nate,Battram,nbattramq6@360.cn,Male,156.194.181.197
944,Artair,Delong,adelongq7@gravatar.com,Bigender,122.178.66.171
945,Debra,Kasbye,dkasbyeq8@springer.com,Female,109.54.238.115
946,Murry,Mead,mmeadq9@msn.com,Female,81.219.203.10
947,Stanford,Graith,sgraithqa@tmall.com,Male,167.40.142.119
948,Lynne,Stiegars,lstiegarsqb@sfgate.com,Female,200.124.51.234
949,Moshe,Stembridge,mstembridgeqc@nbcnews.com,Male,192.168.29.79
950,Ray,Braga,rbragaqd@a8.net,Female,119.100.11.0
951,Tatiana,Kembley,tkembleyqe@vistaprint.com,Female,150.51.113.89
952,Andie,Reedy,areedyqf@nbcnews.com,Male,239.64.122.79
953,Filbert,Aartsen,faartsenqg@elegantthemes.com,Female,76.19.233.189
954,Reggy,Quickenden,rquickendenqh@cpanel.net,Male,16.232.102.78
955,Olimpia,Dimitrov,odimitrovqi@stumbleupon.com,Male,150.201.37.168
956,Gusti,Speariett,gspeariettqj@vk.com,Male,96.9.199.3
957,Lidia,Thorneley,lthorneleyqk@prlog.org,Genderqueer,101.125.96.239
958,Loutitia,Mostin,lmostinql@cnn.com,Polygender,167.61.35.250
959,Emmet,Clayfield,eclayfieldqm@technorati.com,Male,34.143.78.164
960,Willyt,Shiel,wshielqn@newsvine.com,Male,19.60.128.114
961,Gradeigh,Etter,getterqo@twitpic.com,Female,244.155.105.203
962,Dody,Cawson,dcawsonqp@ucsd.edu,Non-binary,32.90.204.163
963,Zacharie,Hapgood,zhapgoodqq@sphinn.com,Male,127.212.164.73
964,Evey,Fessler,efesslerqr@about.com,Female,62.104.94.129
965,Wilfred,Belly,wbellyqs@rambler.ru,Female,114.5.192.214
966,Rasia,Briat,rbriatqt@deviantart.com,Non-binary,69.104.234.60
967,Amalia,Rapinett,arapinettqu@example.com,Female,43.231.70.63
968,Martin,Wink,mwinkqv@exblog.jp,Male,88.84.116.203
969,Margalit,Drewry,mdrewryqw@github.com,Male,172.27.145.137
970,Weylin,Craddy,wcraddyqx@about.com,Female,1.163.35.217
971,Reagan,Spohr,rspohrqy@e-recht24.de,Female,194.166.199.231
972,Papageno,Boman,pbomanqz@typepad.com,Male,89.188.190.54
973,Aeriela,Shevlane,ashevlaner0@techcrunch.com,Female,254.251.150.167
974,Fay,Portman,fportmanr1@psu.edu,Non-binary,17.66.13.115
975,Douglas,Barnshaw,dbarnshawr2@issuu.com,Male,42.25.204.89
976,Giselle,Rochelle,grocheller3@china.com.cn,Male,253.101.177.59
977,Ariela,Gorrick,agorrickr4@latimes.com,Male,191.196.97.148
978,Staford,Colvill,scolvillr5@desdev.cn,Male,24.186.100.24
979,Verena,Colling,vcollingr6@netlog.com,Female,45.209.197.43
980,Ellswerth,Delves,edelvesr7@businesswire.com,Male,226.64.206.169
981,Nikolas,Gasperi,ngasperir8@vkontakte.ru,Female,182.169.252.167
982,Ron,Dislee,rdisleer9@nps.gov,Female,130.203.57.5
983,Del,Baldery,dbalderyra@usatoday.com,Male,161.49.113.160
984,Curt,Anstice,cansticerb@comcast.net,Male,147.173.77.245
985,Rafaelia,Beardall,rbeardallrc@prlog.org,Female,21.197.177.239
986,Dorelia,Bastable,dbastablerd@alexa.com,Male,56.107.86.133
987,Ceciley,Vamplew,cvamplewre@latimes.com,Male,167.143.158.75
988,Bianka,Skeates,bskeatesrf@bizjournals.com,Male,251.228.141.236
989,Avrit,Glencross,aglencrossrg@yolasite.com,Female,42.126.91.207
990,Welby,Habbes,whabbesrh@friendfeed.com,Female,34.131.81.88
991,Sada,Couche,scoucheri@theatlantic.com,Male,114.203.130.82
992,Peggi,McGiff,pmcgiffrj@dyndns.org,Male,113.91.169.218
993,Shena,Lomb,slombrk@unc.edu,Female,192.164.11.166
994,Mikael,Stanistreet,mstanistreetrl@springer.com,Male,183.200.19.91
995,Amerigo,McKibbin,amckibbinrm@hubpages.com,Female,55.117.239.155
996,Cariotta,Comolli,ccomollirn@nature.com,Male,147.27.40.72
997,Etan,Rosson,erossonro@myspace.com,Male,236.179.97.120
998,Laurice,Oxenford,loxenfordrp@webeden.co.uk,Female,239.152.125.168
999,Kipp,Simmonett,ksimmonettrq@ycombinator.com,Female,199.135.190.47
1000,Colette,McVitty,cmcvittyrr@goo.gl,Female,142.57.225.139
